{
  "env": "simple_reference_v3",
  "episodes": 100,
  "total_messages": 20000,
  "usage_stats": {
    "message_counts": {
      "1": 4975,
      "3": 4669,
      "7": 4878,
      "4": 84,
      "9": 4830,
      "5": 255,
      "8": 297,
      "2": 12
    },
    "message_probs": {
      "1": 0.24875,
      "3": 0.23345,
      "7": 0.2439,
      "4": 0.0042,
      "9": 0.2415,
      "5": 0.01275,
      "8": 0.01485,
      "2": 0.0006
    },
    "entropy": 2.1908238495922934,
    "max_entropy": 3.0,
    "entropy_ratio": 0.7302746165307644,
    "num_unique_messages": 8
  },
  "correlation_stats": {
    "message_success_rates": {
      "1": 0.04,
      "3": 0.04,
      "4": 0.0,
      "5": 0.022222222222222223,
      "7": 0.04,
      "9": 0.04,
      "8": 0.04411764705882353,
      "2": 0.0
    },
    "message_avg_returns": {
      "1": -129.88155370998345,
      "3": -129.88155370998345,
      "4": -144.3551102852338,
      "5": -128.8136069426156,
      "7": -129.88155370998345,
      "9": -129.88155370998345,
      "8": -126.68798785155032,
      "2": -119.61410612911712
    }
  },
  "grounding_stats": {
    "num_unique_targets": 5,
    "unique_target_colors": [
      [
        0.20000000298023224,
        0.0,
        0.0
      ],
      [
        0.20000000298023224,
        0.0,
        1.0
      ],
      [
        0.20000000298023224,
        1.0,
        0.0
      ],
      [
        0.800000011920929,
        0.0,
        0.0
      ],
      [
        0.800000011920929,
        1.0,
        0.0
      ]
    ],
    "target_message_distributions": {
      "target_0": {
        "1": 0.46989292170769015,
        "4": 0.006257822277847309,
        "7": 0.47128354888054513,
        "8": 0.028785982478097622,
        "9": 0.02266722291753581,
        "2": 0.001112501738283966
      },
      "target_1": {
        "8": 0.75,
        "1": 0.25
      },
      "target_2": {
        "1": 0.44761904761904764,
        "8": 0.21904761904761905,
        "7": 0.23809523809523808,
        "9": 0.0380952380952381,
        "4": 0.05714285714285714
      },
      "target_3": {
        "7": 0.4791744840525328,
        "8": 0.019136960600375234,
        "1": 0.47504690431519697,
        "9": 0.01275797373358349,
        "4": 0.012382739212007506,
        "2": 0.00150093808630394
      },
      "target_4": {
        "1": 0.45714285714285713,
        "8": 0.37142857142857144,
        "7": 0.17142857142857143
      }
    },
    "mutual_information": 0.01325781256268653,
    "max_mutual_information": 0.9526192387301702,
    "mi_ratio": 0.013917221092825118,
    "h_target": 0.9526192387301702,
    "h_message": 1.3572391377617326
  }
}