{
  "env": "simple_reference_v3",
  "episodes": 100,
  "total_messages": 20000,
  "usage_stats": {
    "message_counts": {
      "8": 985,
      "2": 5312,
      "6": 64,
      "1": 6184,
      "3": 2872,
      "4": 3471,
      "7": 814,
      "9": 298
    },
    "message_probs": {
      "8": 0.04925,
      "2": 0.2656,
      "6": 0.0032,
      "1": 0.3092,
      "3": 0.1436,
      "4": 0.17355,
      "7": 0.0407,
      "9": 0.0149
    },
    "entropy": 2.39100757756944,
    "max_entropy": 3.0,
    "entropy_ratio": 0.79700252585648,
    "num_unique_messages": 8
  },
  "correlation_stats": {
    "message_success_rates": {
      "1": 0.04,
      "2": 0.04,
      "3": 0.04,
      "4": 0.04,
      "6": 0.1111111111111111,
      "7": 0.03614457831325301,
      "8": 0.03409090909090909,
      "9": 0.037037037037037035
    },
    "message_avg_returns": {
      "1": -148.02675056200715,
      "2": -148.02675056200715,
      "3": -148.02675056200715,
      "4": -148.02675056200715,
      "6": -146.92302619933255,
      "7": -145.99306767246262,
      "8": -147.76903952441592,
      "9": -148.97347713767357
    }
  },
  "grounding_stats": {
    "num_unique_targets": 2,
    "unique_target_colors": [
      [
        0.20000000298023224,
        0.0,
        0.0
      ],
      [
        0.800000011920929,
        0.0,
        0.0
      ]
    ],
    "target_message_distributions": {
      "target_0": {
        "8": 0.10236842105263158,
        "6": 0.007105263157894737,
        "3": 0.28986842105263155,
        "4": 0.3519736842105263,
        "7": 0.07605263157894737,
        "1": 0.10671052631578948,
        "9": 0.03236842105263158,
        "2": 0.03355263157894737
      },
      "target_1": {
        "9": 0.021666666666666667,
        "4": 0.33166666666666667,
        "1": 0.13416666666666666,
        "3": 0.27875,
        "7": 0.09833333333333333,
        "2": 0.045,
        "8": 0.08625,
        "6": 0.004166666666666667
      }
    },
    "mutual_information": 0.003373579142211139,
    "max_mutual_information": 0.7950402793845223,
    "mi_ratio": 0.004243280786758104,
    "h_target": 0.7950402793845223,
    "h_message": 2.3980310701773324
  }
}