{
  "env": "simple_world_comm_v3",
  "episodes": 100,
  "total_messages": 60000,
  "usage_stats": {
    "message_counts": {
      "2": 40000,
      "1": 15918,
      "0": 1609,
      "3": 2473
    },
    "message_probs": {
      "2": 0.6666666666666666,
      "1": 0.2653,
      "0": 0.026816666666666666,
      "3": 0.041216666666666665
    },
    "entropy": 1.2274647391564713,
    "max_entropy": 2.0,
    "entropy_ratio": 0.6137323695782356,
    "num_unique_messages": 4
  },
  "correlation_stats": {
    "message_success_rates": {
      "0": 0.9382716049382716,
      "1": 0.9072164948453608,
      "2": 0.91,
      "3": 0.8604651162790697
    },
    "message_avg_returns": {
      "0": 411.9391303787829,
      "1": 373.5804635663505,
      "2": 367.42774988419677,
      "3": 311.6588281620952
    }
  }
}