{
  "env": "simple_world_comm_v3",
  "episodes": 100,
  "total_messages": 60000,
  "usage_stats": {
    "message_counts": {
      "2": 39976,
      "1": 12033,
      "3": 6386,
      "0": 1605
    },
    "message_probs": {
      "2": 0.6662666666666667,
      "1": 0.20055,
      "3": 0.10643333333333334,
      "0": 0.02675
    },
    "entropy": 1.338926711529828,
    "max_entropy": 2.0,
    "entropy_ratio": 0.669463355764914,
    "num_unique_messages": 4
  },
  "correlation_stats": {
    "message_success_rates": {
      "1": 0.51,
      "2": 0.51,
      "3": 0.5050505050505051,
      "0": 0.5168539325842697
    },
    "message_avg_returns": {
      "1": -122.79327277199525,
      "2": -122.79327277199525,
      "3": -123.727361565385,
      "0": -100.69586445650864
    }
  }
}