{
  "env": "simple_reference_v3",
  "episodes": 100,
  "total_messages": 20000,
  "usage_stats": {
    "message_counts": {
      "2": 2319,
      "7": 234,
      "0": 10140,
      "3": 2115,
      "8": 291,
      "4": 2234,
      "1": 661,
      "6": 1189,
      "5": 817
    },
    "message_probs": {
      "2": 0.11595,
      "7": 0.0117,
      "0": 0.507,
      "3": 0.10575,
      "8": 0.01455,
      "4": 0.1117,
      "1": 0.03305,
      "6": 0.05945,
      "5": 0.04085
    },
    "entropy": 2.3102581799424984,
    "max_entropy": 3.169925001442312,
    "entropy_ratio": 0.7288053120787822,
    "num_unique_messages": 9
  },
  "correlation_stats": {
    "message_success_rates": {
      "0": 0.0,
      "1": 0.0,
      "2": 0.0,
      "3": 0.0,
      "4": 0.0,
      "7": 0.0,
      "8": 0.0,
      "5": 0.0,
      "6": 0.0
    },
    "message_avg_returns": {
      "0": -207.66889260750534,
      "1": -210.76216816079096,
      "2": -207.6328846842505,
      "3": -205.9493884281143,
      "4": -206.48307781567652,
      "7": -205.7385067574288,
      "8": -207.62357614275533,
      "5": -197.89530419144623,
      "6": -203.25354476451614
    }
  },
  "grounding_stats": {
    "num_unique_targets": 6,
    "unique_target_colors": [
      [
        0.20000000298023224,
        0.0,
        0.0
      ],
      [
        0.20000000298023224,
        0.0,
        1.0
      ],
      [
        0.20000000298023224,
        1.0,
        0.0
      ],
      [
        0.800000011920929,
        0.0,
        0.0
      ],
      [
        0.800000011920929,
        0.0,
        1.0
      ],
      [
        0.800000011920929,
        1.0,
        0.0
      ]
    ],
    "target_message_distributions": {
      "target_0": {
        "2": 0.002583979328165375,
        "7": 0.023830031581969568,
        "0": 0.9669824863623313,
        "8": 0.006603502727533735
      },
      "target_1": {
        "0": 0.9571045576407506,
        "8": 0.002680965147453083,
        "7": 0.01876675603217158,
        "5": 0.021447721179624665
      },
      "target_2": {
        "0": 0.9757815940114487,
        "8": 0.0030823425803610744,
        "7": 0.017613386173491855,
        "5": 0.0035226772346983706
      },
      "target_3": {
        "7": 0.028814359943316013,
        "0": 0.9674067076051016,
        "2": 0.001889466225791214,
        "8": 0.001889466225791214
      },
      "target_4": {
        "0": 0.9887218045112782,
        "7": 0.011278195488721804
      },
      "target_5": {
        "0": 0.9677708146821844,
        "7": 0.024171888988361683,
        "2": 0.008057296329453895
      }
    },
    "mutual_information": 0.009358837780957273,
    "max_mutual_information": 0.23792585681550046,
    "mi_ratio": 0.0393351017254698,
    "h_target": 2.2616014693806945,
    "h_message": 0.23792585681550046
  }
}